kat,tohum,dis_test_merkez,kol,ic_auc,auc,dogruluk,duyarlilik_ozg90,brier
0,42,0,taban,0.9543901234567902,0.9279358024691358,0.8266666666666667,0.7955555555555556,0.13955233991146088
0,42,0,esik200,,0.9279358024691358,0.8488888888888889,0.7955555555555556,0.13955233991146088
0,42,0,bn100,0.5909037037037037,0.8838617283950618,0.7733333333333333,0.6355555555555555,0.21225480735301971
0,42,0,bn_tam,0.918883950617284,0.9883086419753087,0.9066666666666666,0.9777777777777777,0.0387757234275341
0,42,0,bn_tam+esik,,0.9883086419753087,0.9411111111111111,0.9777777777777777,0.0387757234275341
0,43,0,taban,0.9318913580246914,0.9090518518518518,0.8244444444444444,0.7666666666666667,0.13413681089878082
0,43,0,esik200,,0.9090518518518518,0.8311111111111111,0.7666666666666667,0.13413681089878082
0,43,0,bn100,0.8202740740740742,0.9131901234567901,0.8233333333333334,0.8177777777777778,0.16391980648040771
0,43,0,bn_tam,0.9220246913580247,0.979283950617284,0.8911111111111111,0.9511111111111111,0.04666993021965027
0,43,0,bn_tam+esik,,0.979283950617284,0.9177777777777778,0.9511111111111111,0.04666993021965027
0,44,0,taban,0.9900740740740741,0.9226320987654321,0.8266666666666667,0.8088888888888889,0.15483371913433075
0,44,0,esik200,,0.9226320987654321,0.85,0.8088888888888889,0.15483371913433075
0,44,0,bn100,0.8596395061728396,0.9192691358024692,0.8355555555555556,0.7511111111111111,0.38393434882164
0,44,0,bn_tam,0.9653679012345678,0.9785506172839505,0.8566666666666667,0.9444444444444444,0.065334253013134
0,44,0,bn_tam+esik,,0.9785506172839505,0.9255555555555556,0.9444444444444444,0.065334253013134
1,42,1,taban,0.9775703703703704,0.9626567901234568,0.7722222222222223,0.9022222222222223,0.08680040389299393
1,42,1,esik200,,0.9626567901234568,0.89,0.9022222222222223,0.08680040389299393
1,42,1,bn100,0.6511851851851852,0.7181728395061728,0.6077777777777778,0.32666666666666666,0.49248793721199036
1,42,1,bn_tam,0.9110222222222222,0.9754518518518519,0.8133333333333334,0.9422222222222222,0.054045822471380234
1,42,1,bn_tam+esik,,0.9754518518518519,0.8877777777777778,0.9422222222222222,0.054045822471380234
1,43,1,taban,0.9692,0.9154518518518518,0.8288888888888889,0.7355555555555555,0.14980970323085785
1,43,1,esik200,,0.9154518518518518,0.8166666666666667,0.7355555555555555,0.14980970323085785
1,43,1,bn100,0.8722469135802469,0.8699012345679011,0.77,0.6355555555555555,0.41490238904953003
1,43,1,bn_tam,0.9701777777777778,0.8761481481481481,0.7811111111111111,0.6066666666666667,0.21545548737049103
1,43,1,bn_tam+esik,,0.8761481481481481,0.76,0.6066666666666667,0.21545548737049103
1,44,1,taban,0.9919654320987653,0.9583654320987655,0.8122222222222222,0.8933333333333333,0.08574329316616058
1,44,1,esik200,,0.9583654320987655,0.8922222222222222,0.8933333333333333,0.08574329316616058
1,44,1,bn100,0.8789283950617284,0.9281925925925926,0.8388888888888889,0.7511111111111111,0.3678523004055023
1,44,1,bn_tam,0.94520987654321,0.9288691358024691,0.7155555555555555,0.8,0.1466357409954071
1,44,1,bn_tam+esik,,0.9288691358024691,0.8388888888888889,0.8,0.1466357409954071
2,42,2,taban,0.9719506172839506,0.9621777777777778,0.8955555555555555,0.8933333333333333,0.22257982194423676
2,42,2,esik200,,0.9621777777777778,0.8922222222222222,0.8933333333333333,0.22257982194423676
2,42,2,bn100,0.6694864197530864,0.8957580246913581,0.8144444444444444,0.7244444444444444,0.32648810744285583
2,42,2,bn_tam,0.9519950617283951,0.9624197530864196,0.8666666666666667,0.9044444444444445,0.0928330346941948
2,42,2,bn_tam+esik,,0.9624197530864196,0.9,0.9044444444444445,0.0928330346941948
2,43,2,taban,0.9670469135802469,0.934004938271605,0.8522222222222222,0.8133333333333334,0.15062110126018524
2,43,2,esik200,,0.934004938271605,0.8544444444444445,0.8133333333333334,0.15062110126018524
2,43,2,bn100,0.8138370370370369,0.9313432098765432,0.8366666666666667,0.8377777777777777,0.18585661053657532
2,43,2,bn_tam,0.9319654320987655,0.9659333333333332,0.8588888888888889,0.9022222222222223,0.08200473338365555
2,43,2,bn_tam+esik,,0.9659333333333332,0.9022222222222223,0.9022222222222223,0.08200473338365555
2,44,2,taban,0.9842172839506172,0.9474864197530863,0.7544444444444445,0.84,0.3113568127155304
2,44,2,esik200,,0.9474864197530863,0.8766666666666667,0.84,0.3113568127155304
2,44,2,bn100,0.8955111111111111,0.9419506172839507,0.8711111111111111,0.8577777777777778,0.26101142168045044
2,44,2,bn_tam,0.9764938271604939,0.984320987654321,0.9022222222222223,0.9533333333333334,0.04623372480273247
2,44,2,bn_tam+esik,,0.984320987654321,0.9311111111111111,0.9533333333333334,0.04623372480273247
3,42,3,taban,0.9921925925925925,0.9685135802469137,0.9288888888888889,0.9444444444444444,0.053700875490903854
3,42,3,esik200,,0.9685135802469137,0.9277777777777778,0.9444444444444444,0.053700875490903854
3,42,3,bn100,0.9762271604938272,0.9725382716049382,0.92,0.9488888888888889,0.058373499661684036
3,42,3,bn_tam,0.9762148148148148,0.9648172839506172,0.92,0.9244444444444444,0.12100472301244736
3,42,3,bn_tam+esik,,0.9648172839506172,0.8911111111111111,0.9244444444444444,0.12100472301244736
3,43,3,taban,0.9809037037037037,0.9666666666666667,0.9211111111111111,0.9222222222222223,0.06681936234235764
3,43,3,esik200,,0.9666666666666667,0.91,0.9222222222222223,0.06681936234235764
3,43,3,bn100,0.9562469135802469,0.972562962962963,0.9388888888888889,0.9422222222222222,0.05841923877596855
3,43,3,bn_tam,0.9683506172839506,0.9589827160493827,0.9133333333333333,0.9155555555555556,0.10668350011110306
3,43,3,bn_tam+esik,,0.9589827160493827,0.8888888888888888,0.9155555555555556,0.10668350011110306
3,44,3,taban,0.9887851851851852,0.9640246913580247,0.9055555555555556,0.9177777777777778,0.058136869221925735
3,44,3,esik200,,0.9640246913580247,0.9244444444444444,0.9177777777777778,0.058136869221925735
3,44,3,bn100,0.9519901234567901,0.9673333333333333,0.8833333333333333,0.9377777777777778,0.05727662146091461
3,44,3,bn_tam,0.9813358024691358,0.9518,0.8855555555555555,0.8911111111111111,0.12472152709960938
3,44,3,bn_tam+esik,,0.9518,0.88,0.8911111111111111,0.12472152709960938
4,42,4,taban,0.9882814814814815,0.9627061728395062,0.8011111111111111,0.8822222222222222,0.08619476109743118
4,42,4,esik200,,0.9627061728395062,0.8922222222222222,0.8822222222222222,0.08619476109743118
4,42,4,bn100,0.36909135802469134,0.9612197530864196,0.8844444444444445,0.8622222222222222,0.24217966198921204
4,42,4,bn_tam,0.6648691358024692,0.9827753086419753,0.8322222222222222,0.9644444444444444,0.05688204616308212
4,42,4,bn_tam+esik,,0.9827753086419753,0.93,0.9644444444444444,0.05688204616308212
4,43,4,taban,0.9740888888888889,0.9613728395061728,0.86,0.8733333333333333,0.08354771882295609
4,43,4,esik200,,0.9613728395061728,0.8944444444444445,0.8733333333333333,0.08354771882295609
4,43,4,bn100,0.8828098765432099,0.9479654320987654,0.8711111111111111,0.8422222222222222,0.24231310188770294
4,43,4,bn_tam,0.940088888888889,0.9822123456790124,0.9088888888888889,0.9577777777777777,0.0564148873090744
4,43,4,bn_tam+esik,,0.9822123456790124,0.9333333333333333,0.9577777777777777,0.0564148873090744
4,44,4,taban,0.9271111111111112,0.9606913580246912,0.8811111111111111,0.88,0.08787886053323746
4,44,4,esik200,,0.9606913580246912,0.8877777777777778,0.88,0.08787886053323746
4,44,4,bn100,0.7883851851851853,0.9675407407407407,0.8655555555555555,0.8822222222222222,0.156193807721138
4,44,4,bn_tam,0.8602567901234568,0.9890172839506173,0.8311111111111111,0.9644444444444444,0.06284397840499878
4,44,4,bn_tam+esik,,0.9890172839506173,0.9411111111111111,0.9644444444444444,0.06284397840499878
