kat,tohum,dis_test_merkez,yontem,n,dogruluk,brier,duyarlilik
0,42,0,ic_tavan,0,0.8911111111111111,0.15890862047672272,0.8822222222222222
0,42,0,esik_ic,0,0.8266666666666667,0.13955233991146088,0.7955555555555556
0,42,0,esik_dis,20,0.8488888888888889,0.13955233991146088,0.7955555555555556
0,42,0,platt,20,0.8488888888888889,0.16112427413463593,0.7955555555555556
0,42,0,esik_dis,50,0.8433333333333334,0.13955233991146088,0.7955555555555556
0,42,0,platt,50,0.8433333333333334,0.12806802988052368,0.7955555555555556
0,42,0,esik_dis,100,0.8433333333333334,0.13955233991146088,0.7955555555555556
0,42,0,platt,100,0.8433333333333334,0.12283165007829666,0.7955555555555556
0,42,0,esik_dis,200,0.8488888888888889,0.13955233991146088,0.7955555555555556
0,42,0,platt,200,0.8488888888888889,0.11566584557294846,0.7955555555555556
0,42,0,esik_dis,400,0.8433333333333334,0.13955233991146088,0.7955555555555556
0,42,0,platt,400,0.8433333333333334,0.11276523023843765,0.7955555555555556
0,43,0,ic_tavan,0,0.8488888888888889,0.16729341447353363,0.8
0,43,0,esik_ic,0,0.8244444444444444,0.13413681089878082,0.7666666666666667
0,43,0,esik_dis,20,0.7688888888888888,0.13413681089878082,0.7666666666666667
0,43,0,platt,20,0.7688888888888888,0.13543474674224854,0.7666666666666667
0,43,0,esik_dis,50,0.7866666666666666,0.13413681089878082,0.7666666666666667
0,43,0,platt,50,0.7866666666666666,0.12705737352371216,0.7666666666666667
0,43,0,esik_dis,100,0.8422222222222222,0.13413681089878082,0.7666666666666667
0,43,0,platt,100,0.8422222222222222,0.12412411719560623,0.7666666666666667
0,43,0,esik_dis,200,0.8311111111111111,0.13413681089878082,0.7666666666666667
0,43,0,platt,200,0.8311111111111111,0.12414718419313431,0.7666666666666667
0,43,0,esik_dis,400,0.8311111111111111,0.13413681089878082,0.7666666666666667
0,43,0,platt,400,0.8311111111111111,0.12488647550344467,0.7666666666666667
0,44,0,ic_tavan,0,0.9366666666666666,0.045885488390922546,0.9733333333333334
0,44,0,esik_ic,0,0.8266666666666667,0.15483371913433075,0.8088888888888889
0,44,0,esik_dis,20,0.7577777777777778,0.15483371913433075,0.8088888888888889
0,44,0,platt,20,0.7577777777777778,0.15587382018566132,0.8088888888888889
0,44,0,esik_dis,50,0.84,0.15483371913433075,0.8088888888888889
0,44,0,platt,50,0.84,0.13606853783130646,0.8088888888888889
0,44,0,esik_dis,100,0.8388888888888889,0.15483371913433075,0.8088888888888889
0,44,0,platt,100,0.8388888888888889,0.13548853993415833,0.8088888888888889
0,44,0,esik_dis,200,0.85,0.15483371913433075,0.8088888888888889
0,44,0,platt,200,0.85,0.13711324334144592,0.8088888888888889
0,44,0,esik_dis,400,0.8533333333333334,0.15483371913433075,0.8088888888888889
0,44,0,platt,400,0.8533333333333334,0.1456795483827591,0.8088888888888889
1,42,1,ic_tavan,0,0.9144444444444444,0.10580248385667801,0.9311111111111111
1,42,1,esik_ic,0,0.7722222222222223,0.08680040389299393,0.9022222222222223
1,42,1,esik_dis,20,0.8844444444444445,0.08680040389299393,0.9022222222222223
1,42,1,platt,20,0.8844444444444445,0.11283541470766068,0.9022222222222223
1,42,1,esik_dis,50,0.8844444444444445,0.08680040389299393,0.9022222222222223
1,42,1,platt,50,0.8844444444444445,0.08987635374069214,0.9022222222222223
1,42,1,esik_dis,100,0.8844444444444445,0.08680040389299393,0.9022222222222223
1,42,1,platt,100,0.8844444444444445,0.0843513160943985,0.9022222222222223
1,42,1,esik_dis,200,0.89,0.08680040389299393,0.9022222222222223
1,42,1,platt,200,0.89,0.08160700649023056,0.9022222222222223
1,42,1,esik_dis,400,0.8922222222222222,0.08680040389299393,0.9022222222222223
1,42,1,platt,400,0.8922222222222222,0.0808672085404396,0.9022222222222223
1,43,1,ic_tavan,0,0.8922222222222222,0.10968489199876785,0.8844444444444445
1,43,1,esik_ic,0,0.8288888888888889,0.14980970323085785,0.7355555555555555
1,43,1,esik_dis,20,0.7633333333333333,0.14980970323085785,0.7355555555555555
1,43,1,platt,20,0.7633333333333333,0.1606762558221817,0.7355555555555555
1,43,1,esik_dis,50,0.8055555555555556,0.14980970323085785,0.7355555555555555
1,43,1,platt,50,0.8055555555555556,0.14183039963245392,0.7355555555555555
1,43,1,esik_dis,100,0.8166666666666667,0.14980970323085785,0.7355555555555555
1,43,1,platt,100,0.8166666666666667,0.1402435153722763,0.7355555555555555
1,43,1,esik_dis,200,0.8166666666666667,0.14980970323085785,0.7355555555555555
1,43,1,platt,200,0.8166666666666667,0.1409519910812378,0.7355555555555555
1,43,1,esik_dis,400,0.8211111111111111,0.14980970323085785,0.7355555555555555
1,43,1,platt,400,0.8211111111111111,0.14259368181228638,0.7355555555555555
1,44,1,ic_tavan,0,0.9411111111111111,0.028698883950710297,0.9822222222222222
1,44,1,esik_ic,0,0.8122222222222222,0.08574329316616058,0.8933333333333333
1,44,1,esik_dis,20,0.8911111111111111,0.08574329316616058,0.8933333333333333
1,44,1,platt,20,0.8911111111111111,0.11365411430597305,0.8933333333333333
1,44,1,esik_dis,50,0.8911111111111111,0.08574329316616058,0.8933333333333333
1,44,1,platt,50,0.8911111111111111,0.09728627651929855,0.8933333333333333
1,44,1,esik_dis,100,0.8911111111111111,0.08574329316616058,0.8933333333333333
1,44,1,platt,100,0.8911111111111111,0.08867360651493073,0.8933333333333333
1,44,1,esik_dis,200,0.8922222222222222,0.08574329316616058,0.8933333333333333
1,44,1,platt,200,0.8922222222222222,0.08604399859905243,0.8933333333333333
1,44,1,esik_dis,400,0.8933333333333333,0.08574329316616058,0.8933333333333333
1,44,1,platt,400,0.8933333333333333,0.08592875301837921,0.8933333333333333
2,42,2,ic_tavan,0,0.9066666666666666,0.12414207309484482,0.9133333333333333
2,42,2,esik_ic,0,0.8955555555555555,0.22257982194423676,0.8933333333333333
2,42,2,esik_dis,20,0.8722222222222222,0.22257982194423676,0.8933333333333333
2,42,2,platt,20,0.8722222222222222,0.18008090555667877,0.8933333333333333
2,42,2,esik_dis,50,0.8755555555555555,0.22257982194423676,0.8933333333333333
2,42,2,platt,50,0.8755555555555555,0.16700129210948944,0.8933333333333333
2,42,2,esik_dis,100,0.86,0.22257982194423676,0.8933333333333333
2,42,2,platt,100,0.86,0.15807688236236572,0.8933333333333333
2,42,2,esik_dis,200,0.8922222222222222,0.22257982194423676,0.8933333333333333
2,42,2,platt,200,0.8922222222222222,0.1504586637020111,0.8933333333333333
2,42,2,esik_dis,400,0.8977777777777778,0.22257982194423676,0.8933333333333333
2,42,2,platt,400,0.8977777777777778,0.1436261534690857,0.8933333333333333
2,43,2,ic_tavan,0,0.8922222222222222,0.12454505264759064,0.8844444444444445
2,43,2,esik_ic,0,0.8522222222222222,0.15062110126018524,0.8133333333333334
2,43,2,esik_dis,20,0.8544444444444445,0.15062110126018524,0.8133333333333334
2,43,2,platt,20,0.8544444444444445,0.15492618083953857,0.8133333333333334
2,43,2,esik_dis,50,0.8288888888888889,0.15062110126018524,0.8133333333333334
2,43,2,platt,50,0.8288888888888889,0.12994784116744995,0.8133333333333334
2,43,2,esik_dis,100,0.8544444444444445,0.15062110126018524,0.8133333333333334
2,43,2,platt,100,0.8544444444444445,0.12755143642425537,0.8133333333333334
2,43,2,esik_dis,200,0.8544444444444445,0.15062110126018524,0.8133333333333334
2,43,2,platt,200,0.8544444444444445,0.12720797955989838,0.8133333333333334
2,43,2,esik_dis,400,0.8544444444444445,0.15062110126018524,0.8133333333333334
2,43,2,platt,400,0.8544444444444445,0.12647219002246857,0.8133333333333334
2,44,2,ic_tavan,0,0.9288888888888889,0.05022888258099556,0.9577777777777777
2,44,2,esik_ic,0,0.7544444444444445,0.3113568127155304,0.84
2,44,2,esik_dis,20,0.81,0.3113568127155304,0.84
2,44,2,platt,20,0.81,0.2156783789396286,0.84
2,44,2,esik_dis,50,0.8655555555555555,0.3113568127155304,0.84
2,44,2,platt,50,0.8655555555555555,0.1973872184753418,0.84
2,44,2,esik_dis,100,0.8655555555555555,0.3113568127155304,0.84
2,44,2,platt,100,0.8655555555555555,0.1880054771900177,0.84
2,44,2,esik_dis,200,0.8766666666666667,0.3113568127155304,0.84
2,44,2,platt,200,0.8766666666666667,0.17934605479240417,0.84
2,44,2,esik_dis,400,0.8655555555555555,0.3113568127155304,0.84
2,44,2,platt,400,0.8655555555555555,0.17253482341766357,0.84
3,42,3,ic_tavan,0,0.9433333333333334,0.036709077656269073,0.9866666666666667
3,42,3,esik_ic,0,0.9288888888888889,0.053700875490903854,0.9444444444444444
3,42,3,esik_dis,20,0.8666666666666667,0.053700875490903854,0.9444444444444444
3,42,3,platt,20,0.8666666666666667,0.09967020899057388,0.9444444444444444
3,42,3,esik_dis,50,0.9088888888888889,0.053700875490903854,0.9444444444444444
3,42,3,platt,50,0.9088888888888889,0.09138813614845276,0.9444444444444444
3,42,3,esik_dis,100,0.9088888888888889,0.053700875490903854,0.9444444444444444
3,42,3,platt,100,0.9088888888888889,0.07995323836803436,0.9444444444444444
3,42,3,esik_dis,200,0.9277777777777778,0.053700875490903854,0.9444444444444444
3,42,3,platt,200,0.9277777777777778,0.07838206738233566,0.9444444444444444
3,42,3,esik_dis,266,0.9244444444444444,0.053700875490903854,0.9444444444444444
3,42,3,platt,266,0.9244444444444444,0.07887224853038788,0.9444444444444444
3,43,3,ic_tavan,0,0.92,0.06036050617694855,0.9488888888888889
3,43,3,esik_ic,0,0.9211111111111111,0.06681936234235764,0.9222222222222223
3,43,3,esik_dis,20,0.9133333333333333,0.06681936234235764,0.9222222222222223
3,43,3,platt,20,0.9133333333333333,0.14619816839694977,0.9222222222222223
3,43,3,esik_dis,50,0.9133333333333333,0.06681936234235764,0.9222222222222223
3,43,3,platt,50,0.9133333333333333,0.1195717379450798,0.9222222222222223
3,43,3,esik_dis,100,0.8944444444444445,0.06681936234235764,0.9222222222222223
3,43,3,platt,100,0.8944444444444445,0.10242297500371933,0.9222222222222223
3,43,3,esik_dis,200,0.91,0.06681936234235764,0.9222222222222223
3,43,3,platt,200,0.91,0.09237182140350342,0.9222222222222223
3,43,3,esik_dis,266,0.8944444444444445,0.06681936234235764,0.9222222222222223
3,43,3,platt,266,0.8944444444444445,0.090777687728405,0.9222222222222223
3,44,3,ic_tavan,0,0.9355555555555556,0.054757457226514816,0.9711111111111111
3,44,3,esik_ic,0,0.9055555555555556,0.058136869221925735,0.9177777777777778
3,44,3,esik_dis,20,0.9355555555555556,0.058136869221925735,0.9177777777777778
3,44,3,platt,20,0.9355555555555556,0.1271577924489975,0.9177777777777778
3,44,3,esik_dis,50,0.9244444444444444,0.058136869221925735,0.9177777777777778
3,44,3,platt,50,0.9244444444444444,0.09159346669912338,0.9177777777777778
3,44,3,esik_dis,100,0.9244444444444444,0.058136869221925735,0.9177777777777778
3,44,3,platt,100,0.9244444444444444,0.08937256038188934,0.9177777777777778
3,44,3,esik_dis,200,0.9244444444444444,0.058136869221925735,0.9177777777777778
3,44,3,platt,200,0.9244444444444444,0.08242953568696976,0.9177777777777778
3,44,3,esik_dis,266,0.9122222222222223,0.058136869221925735,0.9177777777777778
3,44,3,platt,266,0.9122222222222223,0.08609592169523239,0.9177777777777778
4,42,4,ic_tavan,0,0.9333333333333333,0.05060815438628197,0.9666666666666667
4,42,4,esik_ic,0,0.8011111111111111,0.08619476109743118,0.8822222222222222
4,42,4,esik_dis,20,0.8922222222222222,0.08619476109743118,0.8822222222222222
4,42,4,platt,20,0.8922222222222222,0.1287606805562973,0.8822222222222222
4,42,4,esik_dis,50,0.89,0.08619476109743118,0.8822222222222222
4,42,4,platt,50,0.89,0.098392553627491,0.8822222222222222
4,42,4,esik_dis,100,0.89,0.08619476109743118,0.8822222222222222
4,42,4,platt,100,0.89,0.0882914587855339,0.8822222222222222
4,42,4,esik_dis,200,0.8922222222222222,0.08619476109743118,0.8822222222222222
4,42,4,platt,200,0.8922222222222222,0.0878666341304779,0.8822222222222222
4,42,4,esik_dis,286,0.8877777777777778,0.08619476109743118,0.8822222222222222
4,42,4,platt,286,0.8877777777777778,0.08634515851736069,0.8822222222222222
4,43,4,ic_tavan,0,0.9177777777777778,0.06145944446325302,0.9355555555555556
4,43,4,esik_ic,0,0.86,0.08354771882295609,0.8733333333333333
4,43,4,esik_dis,20,0.8577777777777778,0.08354771882295609,0.8733333333333333
4,43,4,platt,20,0.8577777777777778,0.11616512387990952,0.8733333333333333
4,43,4,esik_dis,50,0.8966666666666666,0.08354771882295609,0.8733333333333333
4,43,4,platt,50,0.8966666666666666,0.09812065213918686,0.8733333333333333
4,43,4,esik_dis,100,0.8966666666666666,0.08354771882295609,0.8733333333333333
4,43,4,platt,100,0.8966666666666666,0.0907442644238472,0.8733333333333333
4,43,4,esik_dis,200,0.8944444444444445,0.08354771882295609,0.8733333333333333
4,43,4,platt,200,0.8944444444444445,0.08729423582553864,0.8733333333333333
4,43,4,esik_dis,286,0.8944444444444445,0.08354771882295609,0.8733333333333333
4,43,4,platt,286,0.8944444444444445,0.08634291589260101,0.8733333333333333
4,44,4,ic_tavan,0,0.8544444444444445,0.12992478907108307,0.8088888888888889
4,44,4,esik_ic,0,0.8811111111111111,0.08787886053323746,0.88
4,44,4,esik_dis,20,0.8944444444444445,0.08787886053323746,0.88
4,44,4,platt,20,0.8944444444444445,0.14043021202087402,0.88
4,44,4,esik_dis,50,0.89,0.08787886053323746,0.88
4,44,4,platt,50,0.89,0.11288201063871384,0.88
4,44,4,esik_dis,100,0.89,0.08787886053323746,0.88
4,44,4,platt,100,0.89,0.09937884658575058,0.88
4,44,4,esik_dis,200,0.8877777777777778,0.08787886053323746,0.88
4,44,4,platt,200,0.8877777777777778,0.0908687561750412,0.88
4,44,4,esik_dis,286,0.8877777777777778,0.08787886053323746,0.88
4,44,4,platt,286,0.8877777777777778,0.08925659954547882,0.88
