idx,hasta,etiket,skor_once,skor_sonra
15081,17,1,0.013412237,0.68849367
16778,17,1,0.82063395,0.073771134
25938,17,1,0.36478376,0.9996056
22706,17,1,0.6986107,0.999701
28880,17,1,0.76808697,0.99893254
21352,17,1,0.37543556,0.9863236
26598,17,1,0.25806868,1.0
28712,17,1,0.014649937,0.31115517
16471,17,1,0.08976074,0.94290245
18773,17,1,0.8738432,0.9999999
21249,17,1,0.8467726,0.9999974
20027,17,1,0.90839165,0.997186
28584,17,1,0.11146379,0.9891894
26063,17,1,0.03603606,0.99709296
18273,17,1,0.9388378,0.999964
26819,17,1,0.99952435,1.0
15578,17,1,0.064737275,0.041852716
17845,17,1,0.991595,0.99552035
27616,17,1,0.20102562,0.75590026
27810,17,1,0.0012400799,0.9999846
25769,17,1,0.5138702,0.99940896
26366,17,1,0.26033738,0.7927367
25427,17,1,0.8627382,0.99988675
27718,17,1,0.9917264,0.9999337
21086,17,1,0.82722783,0.99999654
25533,17,1,0.1105555,0.9999945
27888,17,1,0.9911679,0.99917185
19008,17,1,0.86104774,0.99987984
16893,17,1,0.7380543,0.8896218
18867,17,1,0.6768056,0.044184115
27667,17,1,0.0093635395,0.0032338183
22727,17,1,0.6216048,0.98615474
23293,17,1,0.9793714,0.99999523
27848,17,1,0.91198117,0.9999999
23547,17,1,0.9917114,0.9999999
16112,17,1,0.96085906,0.99992037
28450,17,1,0.9531936,0.99999976
22777,17,1,0.9997217,0.9999999
19020,17,1,0.0017532035,0.8583175
18740,17,1,0.9572649,0.9999974
15025,17,1,0.06787397,0.4737012
15056,17,1,0.1765421,0.99968576
25046,17,1,0.58519346,0.998961
26542,17,1,0.2738658,0.9997018
21738,17,1,0.9745505,0.99998796
23414,17,1,0.06752594,0.98839694
27405,17,1,0.008614473,0.00635864
23610,17,1,0.34100565,0.99980074
25006,17,1,0.92305934,0.99992466
24904,17,1,0.061796043,0.99999654
18748,17,1,0.9893773,0.99999976
26689,17,1,0.61077666,0.9999932
18628,17,1,0.3046543,0.9541888
23307,17,1,0.9044418,0.99999917
27860,17,1,0.008309642,0.60209626
21380,17,1,0.025852462,0.9996213
23418,17,1,0.46353778,0.9996935
27857,17,1,0.8128891,0.99935526
21630,17,1,0.0074735107,0.19371913
16464,17,1,0.11978764,0.05758783
21769,17,1,0.06972669,0.9193829
23796,17,1,0.99726593,0.9999877
25890,17,1,0.04554029,0.9999578
18562,17,1,0.99602854,1.0
22326,17,1,0.9754195,0.999997
23311,17,1,0.43259647,0.99999976
20637,17,1,0.0007638056,0.009453665
26082,17,1,0.00022731781,0.0013254193
25452,17,1,0.7129337,0.9931937
15165,17,1,0.47471967,0.99995553
19037,17,1,0.9688695,0.65462077
24380,17,1,0.9797522,0.99999976
16577,17,1,0.9305589,0.9846934
28117,17,1,0.97531587,0.9999925
17714,17,1,0.8981068,0.99999654
19327,17,1,0.9922471,0.9999963
26802,17,1,0.0027545358,0.007430809
23020,17,1,0.99824345,0.9999995
16018,17,1,0.043497328,0.9849841
26152,17,1,0.43968442,0.9988225
27417,17,1,0.9905156,0.99999964
17213,17,1,0.0010788414,0.0038587619
15918,17,1,0.51522714,0.9999907
17185,17,1,0.12510826,0.9815652
15724,17,1,0.611266,1.0
17702,17,1,0.0027212116,0.04607364
27661,17,1,0.0031457995,0.002903754
21199,17,1,0.0519494,0.81659883
27765,17,1,0.9740176,0.7676915
17586,17,1,0.99617225,1.0
18576,17,1,0.013135035,0.99999976
27782,17,1,0.03464141,0.9945627
28214,17,1,0.12910332,0.9982175
28157,17,1,0.682547,0.99943966
18067,17,1,0.6977106,0.9244135
18729,17,1,0.07697252,0.86726904
17394,17,1,0.3625335,0.4661978
18590,17,1,0.06576743,0.99550396
22423,17,1,0.67797124,0.99642926
15633,17,1,0.14306219,1.0
17628,17,1,0.00829991,0.010489566
18828,17,1,0.92909425,0.99997914
20176,17,1,0.97283417,0.99998426
27114,17,1,0.018180775,0.99954754
19469,17,1,0.15364459,0.99969375
18530,17,1,0.9998807,1.0
24917,17,1,0.98637635,0.9997918
18996,17,1,0.3720994,0.9201577
16558,17,1,0.9926863,1.0
28307,17,1,0.07626751,0.7180559
19646,17,1,0.9834748,1.0
29173,17,1,0.9975299,1.0
24763,17,1,0.0052707405,0.99953103
29990,17,1,0.6394971,0.9995906
18694,17,1,0.8852578,0.89082766
17659,17,1,0.96136826,0.99999034
20117,17,1,0.4719177,0.999998
17158,17,1,0.5810643,0.9999932
21660,17,1,0.77158004,0.98961127
28791,17,1,0.957591,0.99981993
24290,17,1,0.0003700982,0.99956805
15451,17,1,7.329006e-05,3.923681e-05
25384,17,1,0.97764194,0.999726
19914,17,1,0.72033936,0.99992466
23059,17,1,0.08582414,0.022386448
18491,17,1,0.8550089,0.9998975
17454,17,1,0.5193793,0.9994703
25649,17,1,0.93312955,0.9999707
21663,17,1,0.09702667,0.9803423
25734,17,1,0.99864,1.0
23658,17,1,0.87192506,0.99999726
21009,17,1,0.16525249,0.9997327
22790,17,1,0.9587568,0.93405867
16000,17,1,0.9513062,0.9999969
23273,17,1,0.9413289,0.9999572
21091,17,1,0.021024857,0.23244862
20181,17,1,0.9407683,0.9999994
16739,17,1,0.00013725697,0.087720774
26134,17,1,0.9966059,0.9999999
16217,17,1,0.4399061,0.99996877
21166,17,1,0.25119463,0.42221993
18370,17,1,0.27272552,0.99176145
29552,17,1,0.0035824892,0.7579723
16891,17,1,0.03542484,0.67628175
29687,17,1,0.9169864,0.99999595
26520,17,1,0.14280526,0.98671895
18853,17,1,0.9284349,0.99989057
23115,17,1,0.005211533,0.37788308
17548,17,1,0.28783685,0.99992526
16804,17,1,0.6779322,0.99899346
6588,17,0,2.4305743e-06,2.6485566e-05
5516,17,0,0.014582771,0.0056628794
6057,17,0,0.0004544197,5.0619896e-05
2696,17,0,0.110209815,0.43754914
2732,17,0,2.1083168e-05,6.1605344e-05
4915,17,0,2.3105473e-07,0.13442928
4134,17,0,0.011306283,0.0005348468
3393,17,0,0.024166217,0.0010984417
2805,17,0,5.983124e-07,4.790496e-07
5691,17,0,0.18896638,0.16965225
2683,17,0,0.053926744,0.038198326
4848,17,0,5.9689904e-05,5.480883e-05
4870,17,0,0.00039890516,0.99220675
4977,17,0,2.2538523e-05,0.000983411
4291,17,0,0.013969529,0.01994698
2300,17,0,2.0059971e-07,3.0789803e-07
5039,17,0,0.00025994988,1.2086452e-09
4947,17,0,1.3289929e-06,4.477132e-05
2554,17,0,0.020138504,4.5297893e-06
6752,17,0,0.056932423,0.28858724
2617,17,0,0.049082603,0.010365207
3704,17,0,4.9074297e-06,0.00016900578
4359,17,0,2.318343e-07,1.6642403e-05
5405,17,0,6.5929535e-06,0.00028612398
3174,17,0,3.4936272e-06,1.2720019e-05
6185,17,0,0.008002635,1.3837243e-07
3806,17,0,5.0405492e-06,0.0017515126
3830,17,0,0.18903525,1.5894782e-06
3990,17,0,0.00056037336,7.364371e-05
2851,17,0,0.054609288,0.0077824616
6657,17,0,0.028686248,0.0016109954
7005,17,0,1.3795576e-05,6.9094995e-08
6570,17,0,1.17485215e-05,2.450989e-05
2900,17,0,2.3705936e-06,0.0004373909
6353,17,0,0.12429926,0.4740639
2497,17,0,2.5631296e-06,8.850716e-07
2985,17,0,2.964515e-06,2.6301019e-05
2621,17,0,0.06070218,0.00012340657
4074,17,0,0.0001533837,0.00016327792
5608,17,0,0.0019851206,0.011468867
4901,17,0,0.011550944,5.2627905e-07
4717,17,0,0.010175155,1.216327e-05
7004,17,0,5.624769e-05,7.7716206e-05
3522,17,0,5.0060105e-05,0.00030780587
3375,17,0,0.15187374,9.679716e-06
4037,17,0,1.3639368e-05,0.0047612
5175,17,0,6.4826134e-05,0.02540208
4738,17,0,0.0076567642,0.00069440965
4355,17,0,0.0015436294,1.8200895e-05
3411,17,0,3.4465978e-07,0.008720213
5587,17,0,1.0720048e-05,6.854342e-05
3368,17,0,1.3883127e-06,1.1422837e-06
5523,17,0,0.00029576782,1.03422806e-07
2660,17,0,0.0040636966,0.027981887
3072,17,0,1.7280213e-07,0.012848014
4570,17,0,0.0009675043,8.257906e-07
3699,17,0,0.054312725,0.0017604671
5574,17,0,6.063133e-08,8.873801e-08
5107,17,0,0.09984119,0.012949896
4673,17,0,0.0012960907,0.07509883
4444,17,0,8.637592e-05,0.80564773
6295,17,0,8.59795e-07,1.0736875e-06
6671,17,0,2.5372325e-05,4.691076e-05
3442,17,0,1.12741445e-05,4.2710755e-05
3032,17,0,8.048587e-08,4.8918886e-10
6422,17,0,0.0035434596,0.88826543
3687,17,0,2.3005805e-05,7.909578e-09
6293,17,0,1.3210761e-06,1.9001108e-06
2943,17,0,1.83303e-06,6.512143e-06
6148,17,0,2.9593375e-06,1.6246656e-07
4922,17,0,3.0196741e-05,0.0040266006
6587,17,0,0.00013316085,0.0072801355
5870,17,0,2.6890968e-05,0.00013770479
2828,17,0,0.0034442602,0.038001478
6535,17,0,5.2091054e-06,0.00010833441
4639,17,0,4.195485e-06,1.5846947e-05
3324,17,0,0.020332722,0.06841593
3277,17,0,0.008228985,0.0011293665
5086,17,0,1.0808454e-05,7.338111e-05
6756,17,0,1.8402445e-06,3.7199034e-06
3779,17,0,1.2629954e-05,0.019743102
3758,17,0,1.0705771e-06,4.5811169e-07
6515,17,0,0.0004983869,0.0014834646
2758,17,0,8.3657345e-05,0.03312812
4779,17,0,0.0023875,0.023231464
5505,17,0,0.00013611601,1.7591381e-05
5543,17,0,6.574681e-08,5.597752e-07
3684,17,0,1.4200001e-05,0.0023390306
2972,17,0,0.050621103,0.7520694
6200,17,0,1.2805664e-06,0.00063500024
4615,17,0,3.9329966e-06,6.199927e-06
3425,17,0,0.00017161228,0.05588471
3065,17,0,6.833378e-07,3.114851e-06
4014,17,0,0.004853549,0.7843735
4099,17,0,0.00011742245,6.6002714e-05
4851,17,0,2.3661174e-05,0.0004253389
2558,17,0,2.6089733e-06,1.844064e-05
6497,17,0,0.10172125,0.0021677269
5556,17,0,1.9168125e-05,0.011376757
3061,17,0,4.6810605e-06,0.0025292784
3023,17,0,0.69427013,0.47787657
4034,17,0,2.1944781e-05,5.5106007e-06
6178,17,0,0.01988018,1.7615657e-06
5708,17,0,0.00031350373,2.550524e-05
6203,17,0,0.0047882497,9.22008e-05
2290,17,0,3.1889348e-07,2.3744942e-06
6277,17,0,0.00090328243,0.0015940228
2446,17,0,1.2067911e-06,2.0200164e-06
2424,17,0,1.8070628e-05,0.0026890438
3074,17,0,0.0002338371,9.906429e-08
4967,17,0,7.027182e-07,9.583289e-08
2753,17,0,1.7949309e-06,2.9128356e-07
2563,17,0,6.3536174e-07,2.1661184e-07
5644,17,0,0.0013059145,4.8472366e-08
6984,17,0,2.4653657e-06,0.026776873
2948,17,0,0.0007413211,1.8817007e-05
5629,17,0,0.0012648092,6.842332e-07
2797,17,0,1.4339103e-06,1.0390451e-06
3498,17,0,5.5584464e-05,7.112551e-06
5520,17,0,0.077920854,0.012249425
2494,17,0,0.35976496,0.1542404
5177,17,0,1.3379493e-05,3.1560758e-05
6000,17,0,6.068599e-06,4.882781e-10
3800,17,0,1.773197e-05,0.00159243
3525,17,0,0.0001259167,0.86530983
5576,17,0,0.01616723,1.0976115e-06
3932,17,0,0.0001361369,6.531677e-07
6875,17,0,0.00012833683,0.109336525
4431,17,0,0.07136928,0.044726178
6111,17,0,0.00029635098,0.00076884223
4485,17,0,0.19181575,0.012064659
3429,17,0,9.737434e-06,9.382155e-06
4453,17,0,1.042884e-06,9.789577e-08
4111,17,0,4.8796676e-07,5.08069e-07
2293,17,0,0.00075387926,0.005495995
2564,17,0,3.0407841e-06,3.8300634e-09
3970,17,0,0.043074224,5.24968e-05
3715,17,0,6.390653e-06,0.00070143066
5917,17,0,7.2437488e-06,1.21896055e-05
6311,17,0,0.006060296,0.0001781498
3692,17,0,0.13838808,0.00071264355
3588,17,0,0.025088273,0.00044068033
3013,17,0,9.5591195e-06,0.0005991257
5826,17,0,2.994124e-06,1.031331e-06
2893,17,0,1.8977788e-07,3.624782e-06
4153,17,0,0.0012663364,0.025215501
5596,17,0,4.550572e-06,0.0006473612
6815,17,0,2.7317792e-05,1.8435733e-06
3323,17,0,6.3700504e-06,0.0007748004
3105,17,0,0.005043801,0.008325067
22530,9,1,0.10472988,0.9717753
28429,9,1,0.0055244183,0.9998165
17601,9,1,0.010532966,0.9993794
17258,9,1,0.004850146,0.976454
26078,9,1,0.12901694,0.9979919
20298,9,1,0.90344036,0.9999999
24270,9,1,0.088254616,0.9960471
28822,9,1,0.4702837,0.9990615
29874,9,1,0.99421823,0.99999905
21377,9,1,0.0014375157,0.9999932
18470,9,1,3.80653e-05,0.09689608
28161,9,1,0.9784289,0.99999774
22258,9,1,0.011344534,0.9988549
22117,9,1,0.9979607,0.9999994
16028,9,1,0.99847096,1.0
16630,9,1,0.6563553,0.99999774
17576,9,1,0.0011698139,0.999723
24141,9,1,0.8120987,0.9999813
26000,9,1,0.0052152374,0.97372717
28104,9,1,0.0028299568,0.9565221
16587,9,1,0.062495053,0.9999578
15931,9,1,0.95021296,0.9999975
15863,9,1,0.9994721,1.0
16910,9,1,0.008321557,0.9728779
21397,9,1,0.9716752,0.99998903
27684,9,1,0.9454329,1.0
24454,9,1,8.040138e-06,3.2699743e-05
18668,9,1,0.00041309808,0.92691225
23283,9,1,0.06468603,0.9993555
23194,9,1,0.3451152,0.9999454
27010,9,1,0.6045629,0.99999976
24479,9,1,0.000105189465,0.9196238
26629,9,1,0.9861217,1.0
22867,9,1,0.97184414,0.999995
25339,9,1,0.0044238013,0.13108562
21045,9,1,0.8295614,0.9999982
19547,9,1,0.99970573,1.0
17064,9,1,0.88760364,0.99999917
27758,9,1,0.018578427,0.9501761
22150,9,1,0.5105991,0.9999963
19913,9,1,0.864714,0.9999976
18010,9,1,0.0007172579,0.7007194
26873,9,1,0.917211,0.99999905
16831,9,1,3.026531e-07,3.2425853e-06
19750,9,1,0.96490955,0.99999523
23205,9,1,0.9942378,1.0
15913,9,1,0.683709,0.9999629
28331,9,1,0.9998524,1.0
21075,9,1,1.0963217e-05,0.3957179
26379,9,1,0.22266524,0.999406
17120,9,1,0.054899525,0.9999709
22447,9,1,1.0199923e-05,0.0065778135
28595,9,1,0.897789,1.0
18454,9,1,3.4816487e-05,0.99843246
15344,9,1,0.878596,0.9999881
17619,9,1,0.4161181,0.9999101
27763,9,1,5.794985e-05,0.02441137
28559,9,1,0.2747039,0.99433976
21303,9,1,0.06760927,0.9998324
16239,9,1,0.01559501,0.9660963
26702,9,1,0.27090615,0.9999956
15911,9,1,0.7475199,0.9998605
25449,9,1,0.00107954,0.99314064
28759,9,1,0.008673079,0.99977344
24913,9,1,1.0645723e-06,0.0003480326
15012,9,1,0.00017189412,0.9997168
25350,9,1,0.52904135,1.0
20883,9,1,0.98522204,1.0
18545,9,1,0.22246252,0.9930871
24580,9,1,7.306132e-05,0.99367964
17146,9,1,0.65335214,0.9999229
18424,9,1,0.9136651,0.9999999
25121,9,1,0.38807157,0.99999845
16931,9,1,0.5032584,0.99996305
16858,9,1,0.9240485,0.99999344
25336,9,1,0.00015937214,0.9404794
18341,9,1,0.9915161,1.0
29514,9,1,0.0009698757,0.9972422
24645,9,1,0.040856328,0.9998536
29140,9,1,0.0003907955,0.97874886
27886,9,1,0.0020738097,0.9131054
18924,9,1,0.025854686,0.9999769
25354,9,1,0.0016563885,0.99998796
20398,9,1,0.98993814,0.99999976
22047,9,1,0.7815638,0.99999964
17627,9,1,0.0015908707,0.05874957
28862,9,1,0.0017713989,0.92441934
26989,9,1,0.8887917,0.999997
20528,9,1,0.88601357,0.99999964
25127,9,1,0.64648724,0.9999629
24385,9,1,0.00017635088,0.006084863
19712,9,1,0.997154,1.0
15519,9,1,0.00018799324,0.98276216
27059,9,1,0.6990449,0.9999987
25685,9,1,0.9866642,0.99999523
19428,9,1,0.024436805,0.9594314
17831,9,1,0.9942378,1.0
22482,9,1,0.81497985,0.99997795
22226,9,1,4.2798907e-05,0.91365546
17772,9,1,0.81457996,0.9999976
18808,9,1,0.8623709,0.9999535
15645,9,1,0.0010462546,0.8663323
18493,9,1,0.80919087,0.9999999
21565,9,1,0.027984805,0.9999964
25433,9,1,0.77474374,0.9999323
24177,9,1,0.99012756,1.0
22885,9,1,0.8723622,1.0
28249,9,1,0.22690113,0.99985623
28257,9,1,0.98092985,0.99999976
24136,9,1,0.9055211,0.99973303
15675,9,1,0.9079877,0.9999939
15955,9,1,0.87365645,0.9999999
20107,9,1,0.00015669416,0.8300297
27728,9,1,0.0010177153,0.9173369
15281,9,1,8.007891e-05,0.004716486
16571,9,1,0.0076697306,0.93874305
18090,9,1,0.4782861,0.9999989
21931,9,1,0.99541473,1.0
27812,9,1,0.0026438371,0.93101984
15597,9,1,0.03564831,0.9999826
27223,9,1,0.008211243,0.766441
24872,9,1,0.98247886,1.0
15154,9,1,0.0029698194,0.9788513
26424,9,1,0.98169726,0.9999975
20630,9,1,0.007301865,0.99993074
25880,9,1,0.014974589,0.9999107
19736,9,1,0.0007661924,0.9842552
25259,9,1,0.95130914,0.99999976
19495,9,1,0.0012646213,0.99953115
29620,9,1,0.9824357,0.9999999
19991,9,1,0.96942174,0.9999546
19240,9,1,0.9995291,1.0
23820,9,1,0.43096307,0.99953806
16734,9,1,0.99282044,0.9999889
19981,9,1,0.20421349,0.99995995
28946,9,1,0.9315894,0.99999917
27288,9,1,0.97426075,0.99999917
18041,9,1,0.04183515,0.9999732
28673,9,1,0.00032142826,0.7785895
15140,9,1,0.014977115,0.99997354
19580,9,1,0.057761032,0.8506405
27403,9,1,0.18211357,1.0
25090,9,1,0.7108677,0.9999994
24861,9,1,0.83144516,0.999998
25956,9,1,0.0059576845,0.99543285
23575,9,1,0.8507633,0.9999895
22067,9,1,5.0649593e-05,0.29155895
26465,9,1,0.0014528615,0.9871594
29905,9,1,0.7706366,0.9999974
16725,9,1,0.0063237776,0.99836296
10654,9,0,0.0037290729,0.0002148269
10770,9,0,2.2315047e-05,4.3869014e-07
10628,9,0,2.4178627e-05,0.0024766852
10302,9,0,3.0651867e-07,8.111512e-08
10681,9,0,0.004476741,1.2339421e-05
11093,9,0,0.0003702231,8.401834e-08
9646,9,0,0.00084037025,0.07926384
10169,9,0,5.619028e-07,5.001696e-06
11263,9,0,1.1892336e-05,7.805615e-05
10914,9,0,1.1889366e-05,0.00052659103
10961,9,0,0.056121368,0.022197925
11121,9,0,2.991094e-07,0.0005622277
9264,9,0,0.0007200694,0.00015744483
10436,9,0,4.8990923e-06,2.1264223e-06
10732,9,0,0.0008745139,3.5943263e-05
9303,9,0,1.7788986e-06,0.0009416052
9197,9,0,0.01405886,0.00038907718
11222,9,0,2.2725982e-07,1.9258182e-09
11020,9,0,0.0012252412,0.0010004572
10779,9,0,5.199474e-05,1.2047578e-07
11065,9,0,2.3237737e-06,9.780867e-07
10715,9,0,1.0272161e-06,2.8777387e-07
11008,9,0,0.00019569298,0.00052442885
10410,9,0,1.2365346e-07,3.0416422e-05
9861,9,0,0.07208126,0.014651706
10362,9,0,9.0599315e-07,5.044522e-08
9933,9,0,4.111764e-06,5.634215e-06
9419,9,0,1.6412869e-05,3.1070785e-10
10193,9,0,0.0044858283,0.009835032
10965,9,0,2.8894843e-07,5.360924e-05
9846,9,0,0.0023727594,0.0012551107
10161,9,0,1.0511206e-06,6.890261e-05
9279,9,0,0.299908,0.6325255
9352,9,0,0.0031305857,0.0019299475
10333,9,0,4.312667e-05,0.00018322028
11110,9,0,0.045857467,0.0023220011
10632,9,0,3.056628e-07,6.375475e-08
10478,9,0,0.004117433,0.00115202
10366,9,0,0.00014716294,0.00013096422
9950,9,0,6.4711996e-05,0.00015296161
10820,9,0,1.2044866e-07,3.2500868e-06
11051,9,0,6.3424056e-07,7.2439907e-09
11189,9,0,0.01223055,3.193736e-06
9804,9,0,5.2265772e-08,3.101202e-08
10077,9,0,0.003046007,5.358171e-08
9753,9,0,1.4280897e-07,1.4318742e-05
10466,9,0,1.1131912e-05,5.2399986e-07
9920,9,0,1.8575668e-07,1.3086829e-07
9465,9,0,1.3358236e-07,0.000117228694
11224,9,0,2.5371244e-06,2.9748549e-06
9954,9,0,1.6905793e-07,4.139479e-08
11265,9,0,2.595552e-07,1.9048317e-08
10631,9,0,9.309862e-06,1.280931e-05
9574,9,0,0.0010698767,0.0018878118
9302,9,0,0.0016783918,1.5450596e-05
9863,9,0,1.2354937e-07,1.3745115e-06
9588,9,0,0.06808927,0.013884275
9789,9,0,0.00047387532,2.6150081e-08
9277,9,0,1.5897449e-06,9.062121e-08
9598,9,0,0.016366376,0.010326666
9536,9,0,0.029302064,0.04784101
9356,9,0,0.009608803,0.06575486
10345,9,0,4.7011824e-07,7.9988095e-05
9408,9,0,0.00019304044,2.0708036e-07
9268,9,0,2.3351636e-06,0.01082391
9770,9,0,0.001169778,6.389769e-06
10946,9,0,5.387275e-08,3.6999876e-07
9492,9,0,0.024356408,0.0023027326
10639,9,0,2.7994733e-07,3.3377507e-08
10849,9,0,0.001094068,9.977747e-08
9842,9,0,4.143832e-08,8.017055e-08
11036,9,0,0.10778952,0.12427043
10349,9,0,0.0037950703,7.168194e-08
10847,9,0,3.2558294e-06,4.3657823e-05
10268,9,0,6.4740484e-06,0.38870022
9401,9,0,3.6848314e-07,2.804927e-08
10667,9,0,0.11367367,8.032313e-06
9422,9,0,0.00066136924,1.4622681e-07
11258,9,0,4.832329e-07,1.1219861e-05
9555,9,0,1.1107637e-05,0.0002327374
9458,9,0,1.66994e-05,0.017070694
11266,9,0,1.0010714e-05,4.969744e-08
11259,9,0,0.009899979,0.00049794815
9238,9,0,0.0036452608,0.00038310292
10285,9,0,0.0051678857,0.0001328595
9474,9,0,3.834621e-05,0.00037506782
9676,9,0,2.5033155e-06,1.6562873e-05
10525,9,0,0.0036293175,0.0028242574
10229,9,0,3.1266825e-07,2.4815256e-07
11190,9,0,0.00020448974,8.8927095e-08
9457,9,0,5.868844e-07,2.6305786e-05
10548,9,0,7.996256e-08,4.1335997e-09
10061,9,0,3.3297474e-05,2.0619016e-08
9443,9,0,0.04565095,0.18969803
11308,9,0,0.105786376,0.8466177
9613,9,0,0.0029788737,1.6336335e-05
9364,9,0,0.005007045,0.0016650977
10605,9,0,3.567397e-07,7.0439884e-05
10878,9,0,0.056157544,8.584661e-05
10624,9,0,0.0020422067,1.4669498e-05
9723,9,0,1.1888444e-06,1.178324e-07
10536,9,0,5.953959e-07,2.4627403e-07
10232,9,0,0.0006214118,2.5479254e-05
9466,9,0,0.000118183845,0.0013188827
9722,9,0,0.10240744,0.093011454
10146,9,0,5.8268007e-08,2.500431e-09
11099,9,0,3.405298e-06,0.0029227633
10582,9,0,3.166814e-07,3.572367e-05
10845,9,0,5.8686687e-09,1.2124826e-07
10633,9,0,1.5521279e-06,4.531012e-06
10394,9,0,3.357284e-06,5.916132e-06
9500,9,0,3.4127908e-07,3.990558e-07
9875,9,0,1.2190613e-07,5.5300173e-09
11137,9,0,0.0002831044,2.3656188e-05
11156,9,0,1.3055032e-06,0.00010414786
11298,9,0,0.018764157,0.0014395966
10368,9,0,0.07495627,5.30055e-06
11159,9,0,3.3051943e-05,0.005973194
10824,9,0,1.6455279e-07,1.4320067e-05
11317,9,0,4.1251715e-05,6.2648935e-05
10651,9,0,0.00016458154,5.769383e-06
9932,9,0,0.00020717608,1.0215538e-06
9235,9,0,0.00021828178,0.0062164804
9712,9,0,1.0359134e-05,2.2595568e-06
11055,9,0,1.3833155e-06,8.3983487e-10
10591,9,0,0.00013661687,2.1768174e-05
11324,9,0,1.8256642e-06,2.1562914e-09
9923,9,0,2.2708597e-05,1.6460082e-05
10041,9,0,5.672769e-08,1.1018446e-05
9379,9,0,0.00019971616,7.091861e-08
9336,9,0,0.00030922712,1.7440325e-06
11056,9,0,7.251332e-05,0.0002877558
10221,9,0,5.3854773e-08,4.0219376e-05
9475,9,0,0.0077125067,0.0002739258
9986,9,0,0.023039274,0.088760026
11131,9,0,1.548011e-06,7.7057433e-07
10571,9,0,7.3104167e-07,1.13657066e-07
9687,9,0,0.0035554452,4.6403715e-05
9647,9,0,7.02613e-05,0.34466445
11058,9,0,1.3300349e-06,5.332971e-06
9296,9,0,1.102944e-06,0.00033653644
10712,9,0,0.50225705,0.00012678684
10682,9,0,3.5306475e-06,4.4625012e-06
9695,9,0,0.0024453725,0.5680756
10913,9,0,1.0606266e-05,0.00024846807
10807,9,0,1.843909e-06,4.7394195e-07
9219,9,0,0.00041343426,0.0045098974
11154,9,0,1.1597107e-07,4.455793e-05
10490,9,0,0.0027963105,0.30630675
10197,9,0,0.011251826,0.80825114
23453,15,1,0.99277544,0.99998534
15912,15,1,0.3982785,0.9978114
21437,15,1,0.5382545,0.9999871
21985,15,1,0.9462921,1.0
22601,15,1,0.118538484,0.99993753
15423,15,1,0.35514012,0.9998441
28888,15,1,0.5118899,0.9998517
23713,15,1,0.9127014,0.99999774
17240,15,1,0.7408284,0.9999045
21916,15,1,0.9977222,1.0
20956,15,1,0.4913661,0.9996942
20451,15,1,0.9954874,0.99996376
16266,15,1,0.9366317,1.0
25442,15,1,0.98990846,0.9999989
21880,15,1,0.94672805,0.9999994
27229,15,1,0.8866668,0.9590312
26448,15,1,0.9954549,0.99999964
22128,15,1,0.015391831,0.99661887
26994,15,1,0.14825298,0.99999475
29277,15,1,0.91090155,0.9999974
26545,15,1,0.99712354,1.0
27108,15,1,0.21729916,0.6707436
20601,15,1,0.99856794,0.9999989
22729,15,1,0.9794545,0.99999297
25305,15,1,0.8472208,0.99994123
21972,15,1,0.011941042,0.9821348
28011,15,1,0.76825505,0.9999478
28957,15,1,0.06465481,0.9852667
28174,15,1,0.96520096,0.99999654
20206,15,1,0.23996268,0.9999385
25306,15,1,0.9589899,0.99998593
27924,15,1,0.8182294,0.99863654
18613,15,1,0.16088466,0.9999968
26750,15,1,0.022444488,0.9617905
22261,15,1,0.9769871,0.9999993
28528,15,1,0.28487045,0.99932504
15869,15,1,0.051672317,0.99886787
16622,15,1,0.3841034,0.9999931
19868,15,1,0.003993945,0.876351
15613,15,1,0.9080089,0.9999801
21873,15,1,0.81254894,0.99996996
28746,15,1,0.58458406,0.7710148
15565,15,1,0.67081606,0.9990683
21150,15,1,0.8951789,0.99999523
25343,15,1,0.92642105,0.99995494
18537,15,1,0.92938215,0.99794096
28672,15,1,0.07506595,0.7636648
23655,15,1,0.68529403,0.999879
15276,15,1,0.9070051,0.9998116
29151,15,1,0.004062566,0.9979171
28054,15,1,0.14173812,0.9823627
22145,15,1,0.98955184,0.99999976
29046,15,1,0.8520947,0.95974106
18166,15,1,0.19105993,0.9999968
16203,15,1,0.9360279,0.99998844
18627,15,1,0.0004895749,0.7494226
15229,15,1,0.5121417,0.9999312
26764,15,1,0.9438253,0.99988794
18482,15,1,0.99983406,1.0
24450,15,1,0.6757016,0.99669755
24636,15,1,0.9604663,0.9999999
15643,15,1,0.7564808,0.99999845
22689,15,1,0.82798904,0.99983287
16210,15,1,0.89164776,0.9999989
29808,15,1,0.9150825,0.99264127
15207,15,1,0.014703246,0.9999567
18572,15,1,0.012557532,0.9997459
24305,15,1,0.93604034,0.99999666
20715,15,1,0.9384623,0.99999654
16156,15,1,0.9548382,0.99997354
21717,15,1,0.9946772,0.9999999
26046,15,1,0.346195,0.99837816
22798,15,1,0.45462394,0.99995935
16182,15,1,0.89321053,0.8081261
20173,15,1,0.883672,0.9999094
22834,15,1,0.99459887,0.99999976
17797,15,1,4.4396897e-06,0.036949404
15956,15,1,0.00047003114,0.8449992
16521,15,1,0.06419786,0.999858
23487,15,1,0.9075055,0.9940043
22539,15,1,0.58395416,0.9999558
17477,15,1,0.9260232,0.99999714
29959,15,1,0.5082127,0.99991786
21897,15,1,0.80996734,0.9999831
17063,15,1,0.10974239,0.9996853
24499,15,1,0.67762816,0.9999925
15550,15,1,0.85519946,0.99999523
28590,15,1,0.14620973,0.9995552
16276,15,1,0.72175324,0.9988858
16223,15,1,0.58399045,0.9986688
22309,15,1,0.98306495,0.99999976
23792,15,1,0.9693579,0.99999964
28634,15,1,0.9757687,1.0
29337,15,1,0.003190329,0.8786848
20348,15,1,0.9986541,0.99999964
17976,15,1,0.41340595,0.99913174
15792,15,1,0.69157404,0.9999982
15233,15,1,0.35515237,0.9991818
18951,15,1,0.42299992,0.99990714
17621,15,1,0.6660629,0.9999666
22010,15,1,0.71204984,0.99758303
15837,15,1,6.0233353e-05,0.97062397
15854,15,1,0.7784884,0.9999167
27292,15,1,0.10346825,0.9543887
24092,15,1,0.64103574,0.9999747
19031,15,1,0.698564,0.99986184
27041,15,1,0.98228675,0.9999999
26766,15,1,0.24094771,0.9999949
18815,15,1,0.92745256,0.99999905
15750,15,1,0.9702698,0.99999833
21893,15,1,1.3992573e-06,0.07393795
18534,15,1,0.92727333,0.99999714
15005,15,1,0.6975361,0.9999969
28696,15,1,0.59180105,0.9423856
28005,15,1,0.929504,0.9997421
23964,15,1,0.061416015,0.9999467
28790,15,1,0.35056573,0.99990606
24287,15,1,0.97924495,0.99999917
20737,15,1,0.96981096,0.99999845
29941,15,1,0.027086787,0.99992216
24685,15,1,0.050249852,0.99832946
24196,15,1,0.82103384,0.9999969
19829,15,1,0.5557787,0.99999976
16391,15,1,0.99959403,0.9995975
24661,15,1,0.9749474,0.999813
15168,15,1,0.097367406,0.07478971
17777,15,1,0.9708155,0.9999696
27020,15,1,0.95361924,0.9998147
15070,15,1,0.9984615,0.9999938
15393,15,1,0.95818806,0.99980515
26967,15,1,0.79835045,0.99975115
16393,15,1,0.91061646,0.99964345
16404,15,1,0.055789925,0.9857086
17034,15,1,0.98509127,0.9992761
21130,15,1,0.11370606,0.99952364
29793,15,1,0.22463006,0.9999578
26333,15,1,0.9941666,0.9999976
27084,15,1,0.94925326,1.0
21211,15,1,0.81931156,0.9998907
16007,15,1,0.8325632,0.99995315
23842,15,1,0.9594877,0.9999999
24312,15,1,0.6621614,0.01619576
23066,15,1,0.9215496,0.99999976
17144,15,1,0.68248034,0.9999931
29401,15,1,0.55526865,0.9999788
23354,15,1,0.00077598484,0.3313576
28071,15,1,0.43211263,0.99998224
20258,15,1,0.8436349,0.99999714
21411,15,1,0.9579238,0.99999654
19184,15,1,0.8411254,0.9999274
188,15,0,0.0031142842,2.82998e-08
809,15,0,0.07503417,0.00057154935
1584,15,0,0.033896007,1.2058433e-05
1090,15,0,8.2108596e-07,1.8200699e-06
674,15,0,9.1022713e-07,2.0671367e-05
535,15,0,2.2485007e-07,1.3637721e-06
1017,15,0,6.0289985e-08,1.3468416e-06
1763,15,0,0.17456406,0.002549548
1113,15,0,0.029019976,0.02881693
1936,15,0,0.00041329264,3.2505929e-10
1025,15,0,0.028308721,0.013350618
1782,15,0,2.0356835e-07,4.2261183e-07
1349,15,0,0.00012791668,4.3504798e-07
290,15,0,3.4529572e-07,0.33155525
298,15,0,0.0029890563,0.00019722072
2216,15,0,0.005575944,1.7490489e-08
694,15,0,0.00015705018,4.0443288e-06
1010,15,0,1.8490068e-06,7.553987e-06
259,15,0,0.07716731,0.017850844
1314,15,0,0.00017955348,0.00092592277
426,15,0,0.21934493,0.0035578231
719,15,0,4.270993e-06,1.7825633e-06
1830,15,0,9.272246e-08,1.4938814e-07
930,15,0,0.8657553,0.9966198
29,15,0,2.7358488e-05,7.3023175e-06
1281,15,0,0.0037814623,5.8340345e-07
1405,15,0,1.5468452e-06,2.9951215e-07
990,15,0,0.016430296,3.4254375e-05
2076,15,0,1.2481852e-06,6.491361e-05
2021,15,0,6.083548e-06,4.256791e-05
100,15,0,3.7335623e-05,2.596557e-07
367,15,0,1.41431e-06,5.788943e-06
695,15,0,0.00016705751,2.6896407e-05
254,15,0,8.822605e-06,2.2018407e-06
893,15,0,6.252768e-06,2.8620752e-07
1690,15,0,0.036115248,0.0075309067
1797,15,0,0.015890598,5.5206074e-05
1550,15,0,4.385465e-05,0.0013026498
2002,15,0,0.00022329434,3.7494498e-08
1951,15,0,0.090755805,0.025604269
1736,15,0,0.0038245143,0.00026170356
2106,15,0,9.293106e-06,1.8213707e-07
1615,15,0,8.178138e-06,1.5830663e-08
179,15,0,1.890358e-06,0.0005964669
582,15,0,0.00032207364,0.0012094853
1111,15,0,0.030930387,0.006438471
56,15,0,1.4527662e-05,2.3229973e-07
282,15,0,0.00016991307,0.0002373726
457,15,0,7.228026e-05,7.758624e-06
1681,15,0,2.8615825e-05,3.4387443e-07
1394,15,0,1.9719876e-07,1.6929415e-09
1151,15,0,1.0159121e-08,2.5441983e-05
1614,15,0,7.2983096e-07,4.0508517e-06
903,15,0,0.0006238647,1.1486442e-07
1512,15,0,0.14811482,0.06755572
1193,15,0,7.7095643e-07,5.0013095e-06
1538,15,0,2.4036758e-06,0.0111086685
1506,15,0,2.7332617e-05,4.948226e-06
354,15,0,1.8648136e-06,1.9905467e-05
134,15,0,6.144383e-05,9.169103e-11
1222,15,0,0.0007100827,3.6243404e-05
402,15,0,5.479273e-05,7.095582e-08
96,15,0,0.017007448,0.007828038
817,15,0,0.0058838595,6.678664e-06
1427,15,0,0.0001304394,6.488008e-07
1023,15,0,0.031873595,3.1799473e-06
251,15,0,4.6224845e-06,1.3428167e-05
929,15,0,0.0025620963,0.00025710056
1138,15,0,1.3784404e-06,2.7883866e-07
1421,15,0,0.0007848185,2.9343057e-05
941,15,0,0.0052520283,1.2705691e-09
715,15,0,0.0020994423,0.0020664728
1490,15,0,2.9790554e-05,7.631377e-06
650,15,0,8.0390805e-07,2.2317101e-06
2220,15,0,0.11028679,9.903631e-06
544,15,0,0.03466674,0.0068139792
1413,15,0,5.241456e-06,9.1925165e-07
1973,15,0,0.093858756,4.5384323e-07
2003,15,0,6.7325724e-05,2.29119e-05
819,15,0,3.5167586e-06,2.4085446e-05
2155,15,0,0.004330279,0.014733776
1546,15,0,0.0037075344,6.4850084e-08
2137,15,0,0.0014157959,6.941088e-07
741,15,0,0.00044098822,0.0018868138
2187,15,0,0.03157721,0.008570574
767,15,0,4.8178623e-05,2.5191206e-08
196,15,0,0.0010158515,0.000110278896
1871,15,0,0.0036097583,2.3590506e-07
1360,15,0,0.00024535894,0.068463296
845,15,0,1.8822723e-07,3.0584542e-09
408,15,0,4.1706096e-07,3.2610086e-09
2115,15,0,0.006831544,4.966757e-05
1934,15,0,0.54069275,0.08475142
705,15,0,0.0002462838,0.7402185
1269,15,0,3.1106275e-08,8.941409e-07
1645,15,0,0.00043641008,0.00034302275
755,15,0,1.4716353e-05,9.377888e-06
1385,15,0,0.00028582787,0.002993936
1654,15,0,0.013333795,2.4497963e-06
44,15,0,1.1200372e-05,0.0031430316
1952,15,0,0.00039864169,9.534419e-06
985,15,0,1.296916e-06,6.5867757e-06
786,15,0,3.2184932e-06,0.001956381
2149,15,0,0.0035896471,0.00039730206
742,15,0,0.09839002,7.9561363e-07
383,15,0,0.0012844604,0.008821956
247,15,0,0.02107569,0.99991846
111,15,0,0.0030060015,0.022684263
630,15,0,5.115296e-07,7.475022e-06
1858,15,0,4.913902e-07,3.352769e-09
998,15,0,0.0006399997,8.02051e-06
1744,15,0,0.0007951872,8.625657e-06
605,15,0,0.01904331,1.2753927e-06
70,15,0,0.0007820753,0.0010362378
478,15,0,5.2124914e-08,8.0634694e-05
1793,15,0,1.1725648e-06,5.49843e-05
1729,15,0,4.8692586e-06,8.688466e-08
1957,15,0,4.5510455e-06,0.001232051
321,15,0,6.055973e-07,0.00020708228
1956,15,0,3.368965e-06,1.3808632e-10
1228,15,0,3.8567014e-06,1.3549192e-06
514,15,0,0.0010188795,1.8602575e-05
1965,15,0,1.7358423e-05,1.6863725e-05
670,15,0,5.673137e-08,9.461471e-09
964,15,0,1.5372612e-05,3.9823526e-06
1226,15,0,4.3533746e-06,4.2548975e-11
211,15,0,8.8370615e-07,0.00016382748
2025,15,0,0.09270526,0.47018537
1896,15,0,1.9356996e-06,8.738317e-10
1855,15,0,0.00015902422,0.0001904195
1332,15,0,0.025978414,4.4505912e-05
679,15,0,0.00092801295,4.676662e-05
51,15,0,2.9166216e-07,8.531845e-09
1609,15,0,4.4625526e-06,0.0005624249
2168,15,0,0.00018514592,1.5545927e-05
1221,15,0,0.0025496995,1.13596705e-07
1983,15,0,2.2416145e-05,0.0005181017
1370,15,0,0.02786809,0.9999281
1004,15,0,0.011374673,4.7511207e-05
1187,15,0,0.00016934663,1.6252006e-05
1487,15,0,2.5237746e-06,3.7448164e-05
1137,15,0,0.08004667,0.0045182714
1928,15,0,0.0019320336,0.96517634
1468,15,0,1.0360686e-06,5.7247476e-06
422,15,0,5.438058e-07,4.4757165e-08
942,15,0,1.6231077e-06,7.976444e-07
1044,15,0,1.4874699e-07,0.43884766
303,15,0,3.540021e-05,3.2188416e-07
1537,15,0,0.027849296,0.00032189992
1000,15,0,0.0208975,6.7112455e-06
